metric,value
accuracy,0.03293413173652695
macro_f1,0.009109730848861283
macro_precision,0.004704875962360993
macro_recall,0.14285714285714285
weighted_f1,0.0021001475310249065
