class,precision,recall,f1,support
actinic keratosis,0.0,0.0,0.0,16
basal cell carcinoma,0.7,0.875,0.7777777777777778,16
dermatofibroma,1.0,0.5,0.6666666666666666,16
melanoma,0.1111111111111111,0.0625,0.08,16
nevus,0.32,1.0,0.48484848484848486,16
pigmented benign keratosis,0.6875,0.6875,0.6875,16
seborrheic keratosis,0.0,0.0,0.0,3
squamous cell carcinoma,0.8,0.5,0.6153846153846154,16
vascular lesion,0.75,1.0,0.8571428571428571,3
