class,precision,recall,f1,support
actinic keratosis,0.36363636363636365,0.36363636363636365,0.36363636363636365,11
basal cell carcinoma,0.8536585365853658,0.9210526315789473,0.8860759493670886,38
dermatofibroma,1.0,0.7777777777777778,0.875,9
melanoma,0.717948717948718,0.6363636363636364,0.6746987951807228,44
nevus,0.7692307692307693,0.8333333333333334,0.8,36
pigmented benign keratosis,0.8444444444444444,0.8260869565217391,0.8351648351648352,46
seborrheic keratosis,0.0,0.0,0.0,8
squamous cell carcinoma,0.7222222222222222,0.7222222222222222,0.7222222222222222,18
vascular lesion,1.0,1.0,1.0,14
