metric,value
accuracy,0.7544642857142857
macro_f1,0.6840886850634703
macro_precision,0.696793450451987
macro_recall,0.6756081023815578
weighted_f1,0.7564741762566233
micro_f1,0.7544642857142857
avg_ce_loss,0.7136548331805638
