metric,value
accuracy,0.5169491525423728
macro_f1,0.4632578224244891
macro_precision,0.48540123456790124
macro_recall,0.5138888888888888
weighted_f1,0.4709005871717736
micro_f1,0.5169491525423728
avg_ce_loss,1.4789353710109905
