metric,value
accuracy,0.9979338842975206
macro_f1,0.9979338798875492
macro_precision,0.9979381355643981
macro_recall,0.9979338842975207
weighted_f1,0.9979338798875492
micro_f1,0.9979338842975206
avg_ce_loss,0.031028808171529906
