class,precision,recall,f1,support
actinic keratosis,0.8888888888888888,0.5,0.64,16
basal cell carcinoma,0.65,0.8125,0.7222222222222222,16
dermatofibroma,1.0,0.4375,0.6086956521739131,16
melanoma,0.4444444444444444,0.25,0.32,16
nevus,0.5161290322580645,1.0,0.6808510638297872,16
pigmented benign keratosis,0.6086956521739131,0.875,0.717948717948718,16
seborrheic keratosis,0.0,0.0,0.0,3
squamous cell carcinoma,0.8181818181818182,0.5625,0.6666666666666666,16
vascular lesion,0.5,1.0,0.6666666666666666,3
