metric,value
accuracy,0.6271186440677966
macro_f1,0.5581167766119972
macro_precision,0.6029266484385699
macro_recall,0.6041666666666666
weighted_f1,0.6076453319106858
micro_f1,0.6271186440677966
avg_ce_loss,1.3638130527431682
