class,precision,recall,f1,support
CNV,0.983718341219037,0.945685618729097,0.9643271263897414,7475
DME,0.9435127978817299,0.9223468507333908,0.9328097731239093,2318
DRUSEN,0.829023746701847,0.893121091529278,0.8598795840175151,1759
NORMAL,0.9534883720930233,0.9903755425551991,0.9715819679718596,5299
