class,precision,recall,f1,support
CNV,0.9831523252575884,0.9500807319698601,0.9663336526618311,7432
DME,0.9542157751586582,0.9180113388573921,0.9357635030006669,2293
DRUSEN,0.8272727272727273,0.9025670945157527,0.86328125,1714
NORMAL,0.9573607792685168,0.9903041825095057,0.9735538734697691,5260
