metric,value
accuracy,0.9534702676806994
macro_f1,0.9347330697830667
macro_precision,0.9305004017393727
macro_recall,0.9402408369631277
weighted_f1,0.9538328556149616
micro_f1,0.9534702676806994
avg_ce_loss,0.15590782318010152
