metric,value
accuracy,0.9510414812177319
macro_f1,0.9321496128757564
macro_precision,0.9274358144739092
macro_recall,0.9378822758867413
weighted_f1,0.9513702071351393
micro_f1,0.9510414812177319
avg_ce_loss,0.163820944322789
