{
  "temperature": 1.5096607208251953,
  "val": {
    "ece_raw": 0.0146656008246282,
    "nll_raw": 0.09692635387182236,
    "brier_raw": 0.043348729610443115,
    "ece_cal": 0.005099624366266653,
    "nll_cal": 0.08366125077009201,
    "brier_cal": 0.04177910089492798
  },
  "test": {
    "ece_raw": 0.004012682333268458,
    "nll_raw": 0.008481476455926895,
    "brier_raw": 0.004206950776278973,
    "ece_cal": 0.01177893563726684,
    "nll_cal": 0.016703637316823006,
    "brier_cal": 0.005277109332382679
  }
}