{
  "val": {
    "loss": 0.09692634565655309,
    "acc": 0.97411933860532
  },
  "test": {
    "loss": 0.00848147716223597,
    "acc": 0.996900826446281
  }
}