class,precision,recall,f1,support
CNV,0.44505659021498295,1.0,0.6159711574323484,7432
DME,0.0,0.0,0.0,2293
DRUSEN,0.0,0.0,0.0,1714
NORMAL,0.0,0.0,0.0,5260
