{
  "temperature": 1.0,
  "val": {},
  "test": {
    "ece_raw": 0.46643155813217163,
    "nll_raw": 1.1302472352981567,
    "brier_raw": 0.7460792064666748,
    "ece_cal": 0.46643155813217163,
    "nll_cal": 1.1302472352981567,
    "brier_cal": 0.7460792064666748
  }
}