class,precision,recall,f1,support
akiec,0.7419354838709677,0.7076923076923077,0.7244094488188977,65
bcc,0.8272727272727273,0.883495145631068,0.8544600938967136,103
bkl,0.8155339805825242,0.7636363636363637,0.7887323943661971,220
df,0.6785714285714286,0.8260869565217391,0.7450980392156863,23
nv,0.725925925925926,0.21923937360178972,0.33676975945017185,1341
mel,0.09334485738980121,0.484304932735426,0.1565217391304348,223
vasc,0.75,0.9310344827586207,0.8307692307692308,29
