class,precision,recall,f1,support
akiec,0.7741935483870968,0.7272727272727273,0.75,33
bcc,0.8125,0.7647058823529411,0.7878787878787878,51
bkl,0.8141592920353983,0.8363636363636363,0.8251121076233184,110
df,0.75,0.75,0.75,12
nv,0.680365296803653,0.22238805970149253,0.33520809898762655,670
mel,0.07899461400359066,0.3963963963963964,0.1317365269461078,111
vasc,0.6666666666666666,1.0,0.8,14
