metric,value
accuracy,0.3706293706293706
macro_f1,0.6257050744908345
macro_precision,0.6538399168423437
macro_recall,0.6710181002981706
weighted_f1,0.4146916391939171
micro_f1,0.3706293706293706
avg_ce_loss,1.3806354549381283
