metric,value
accuracy,0.37574850299401197
macro_f1,0.6338229579496188
macro_precision,0.6617977719447679
macro_recall,0.687927080368188
weighted_f1,0.41734495431546365
micro_f1,0.37574850299401197
avg_ce_loss,1.3661135734912164
