,precision,recall,f1-score,support
akiec,0.03243512974051896,1.0,0.06283228612856452,65.0
bcc,0.0,0.0,0.0,103.0
bkl,0.0,0.0,0.0,220.0
df,0.0,0.0,0.0,23.0
mel,0.0,0.0,0.0,223.0
nv,0.0,0.0,0.0,1341.0
vasc,0.0,0.0,0.0,29.0
accuracy,0.03243512974051896,0.03243512974051896,0.03243512974051896,0.03243512974051896
macro avg,0.0046335899629312794,0.14285714285714285,0.008976040875509217,2004.0
weighted avg,0.0010520376412842974,0.03243512974051896,0.0020379733524734,2004.0
