true_class,pred_class,count,frac_row,rank
akiec,bkl,6,0.092308,1
akiec,bcc,4,0.061538,2
akiec,df,3,0.046154,3
bcc,akiec,5,0.048544,1
bcc,nv,5,0.048544,2
bcc,df,3,0.029126,3
bkl,nv,24,0.109091,1
bkl,mel,16,0.072727,2
bkl,akiec,9,0.040909,3
df,nv,3,0.130435,1
df,akiec,1,0.043478,2
df,bcc,1,0.043478,3
nv,mel,65,0.048471,1
nv,bkl,21,0.01566,2
nv,akiec,5,0.003729,3
mel,nv,73,0.327354,1
mel,bkl,18,0.080717,2
mel,akiec,9,0.040359,3
vasc,nv,2,0.068966,1
vasc,bkl,1,0.034483,2
vasc,mel,1,0.034483,3
