class,precision,recall,f1,support
akiec,0.6486486486486487,0.7272727272727273,0.6857142857142857,33
bcc,0.671875,0.8431372549019608,0.7478260869565218,51
bkl,0.7981651376146789,0.7909090909090909,0.7945205479452054,110
df,0.8,0.6666666666666666,0.7272727272727273,12
nv,0.9186390532544378,0.926865671641791,0.9227340267459139,670
mel,0.6395348837209303,0.4954954954954955,0.5583756345177665,111
vasc,0.7368421052631579,1.0,0.8484848484848485,14
