class,precision,recall,f1,support
akiec,0.6329113924050633,0.7692307692307693,0.6944444444444444,65
bcc,0.8130841121495327,0.8446601941747572,0.8285714285714286,103
bkl,0.7751196172248804,0.7363636363636363,0.7552447552447552,220
df,0.6428571428571429,0.782608695652174,0.7058823529411765,23
nv,0.9192592592592592,0.9254287844891872,0.9223337049424006,1341
mel,0.5778894472361809,0.515695067264574,0.5450236966824644,223
vasc,0.78125,0.8620689655172413,0.819672131147541,29
