metric,value
accuracy,0.8473053892215568
macro_f1,0.7530246448534587
macro_precision,0.7346244244474371
macro_recall,0.7765794446703342
weighted_f1,0.845823932532169
micro_f1,0.8473053892215568
avg_ce_loss,0.5570081945902811
