metric,value
accuracy,0.8511488511488512
macro_f1,0.7549897368053242
macro_precision,0.7448149755002648
macro_recall,0.7786209866982474
weighted_f1,0.8481343817129087
micro_f1,0.8511488511488512
avg_ce_loss,0.5302900482010056
