{
  "temperature": 1.491637945175171,
  "val": {
    "ece_raw": 0.013883130982321745,
    "nll_raw": 0.0992102101445198,
    "brier_raw": 0.044165339320898056,
    "ece_cal": 0.002468924183631316,
    "nll_cal": 0.08670654892921448,
    "brier_cal": 0.04294845461845398
  },
  "test": {
    "ece_raw": 0.004532661754637957,
    "nll_raw": 0.01202031783759594,
    "brier_raw": 0.005477161146700382,
    "ece_cal": 0.014386899478267878,
    "nll_cal": 0.02005639672279358,
    "brier_cal": 0.0066657718271017075
  }
}