{
  "val": {
    "loss": 0.09921021719230301,
    "acc": 0.972561706206566
  },
  "test": {
    "loss": 0.012020317977101904,
    "acc": 0.996900826446281
  }
}