class,precision,recall,f1,support
CNV,0.983459682977257,0.954515050167224,0.9687712152070603,7475
DME,0.9537037037037037,0.9331320103537533,0.943305713039686,2318
DRUSEN,0.8431578947368421,0.9107447413303013,0.875649084449303,1759
NORMAL,0.9646278555637435,0.988110964332893,0.9762282091917592,5299
