class,precision,recall,f1,support
CNV,0.9854610911104957,0.957615715823466,0.9713388835812746,7432
DME,0.9635299414678073,0.9332751853467074,0.9481612760301286,2293
DRUSEN,0.8390191897654584,0.9183197199533255,0.8768802228412256,1714
NORMAL,0.9661710037174721,0.988212927756654,0.9770676691729323,5260
