metric,value
accuracy,0.9598778369962273
macro_f1,0.9433620129063902
macro_precision,0.9385453065153084
macro_recall,0.9493558872200382
weighted_f1,0.9602654668251154
micro_f1,0.9598778369962273
avg_ce_loss,0.13429996504227668
