metric,value
accuracy,0.9575692837220343
macro_f1,0.9409885554719523
macro_precision,0.9362372842453865
macro_recall,0.9466256915460429
weighted_f1,0.9578925581005415
micro_f1,0.9575692837220343
avg_ce_loss,0.13972269402124163
