class,precision,recall,f1,support
actinic keratosis,0.6,0.375,0.4615384615384615,16
basal cell carcinoma,0.30952380952380953,0.8125,0.4482758620689655,16
dermatofibroma,1.0,0.0625,0.11764705882352941,16
melanoma,0.2,0.1875,0.19354838709677422,16
nevus,0.4838709677419355,0.9375,0.6382978723404255,16
pigmented benign keratosis,0.4375,0.4375,0.4375,16
seborrheic keratosis,0.0,0.0,0.0,3
squamous cell carcinoma,0.0,0.0,0.0,16
vascular lesion,0.6666666666666666,0.6666666666666666,0.6666666666666666,3
