true_class,pred_class,count,frac_row,rank
akiec,bkl,6,0.092308,1
akiec,bcc,4,0.061538,2
akiec,df,2,0.030769,3
bcc,mel,3,0.029126,1
bcc,df,2,0.019417,2
bcc,akiec,1,0.009709,3
bkl,mel,29,0.131818,1
bkl,nv,8,0.036364,2
bkl,bcc,7,0.031818,3
df,bcc,2,0.086957,1
df,nv,2,0.086957,2
df,mel,2,0.086957,3
nv,mel,1036,0.772558,1
nv,bkl,21,0.01566,2
nv,bcc,9,0.006711,3
mel,nv,104,0.466368,1
mel,bkl,18,0.080717,2
mel,akiec,7,0.03139,3
vasc,bcc,1,0.034483,1
vasc,mel,1,0.034483,2
vasc,akiec,0,0.0,3
