class,precision,recall,f1,support
akiec,0.8064516129032258,0.7692307692307693,0.7874015748031497,65
bcc,0.7704918032786885,0.912621359223301,0.8355555555555556,103
bkl,0.7880184331797235,0.7772727272727272,0.782608695652174,220
df,0.7083333333333334,0.7391304347826086,0.723404255319149,23
nv,0.6987012987012987,0.20059656972408652,0.31170336037079954,1341
mel,0.07260155574762317,0.37668161434977576,0.12173913043478261,223
vasc,0.7297297297297297,0.9310344827586207,0.8181818181818182,29
