class,precision,recall,f1,support
akiec,0.6857142857142857,0.7272727272727273,0.7058823529411765,33
bcc,0.7540983606557377,0.9019607843137255,0.8214285714285714,51
bkl,0.811965811965812,0.8636363636363636,0.8370044052863436,110
df,0.8,0.6666666666666666,0.7272727272727273,12
nv,0.7,0.1880597014925373,0.2964705882352941,670
mel,0.08506944444444445,0.44144144144144143,0.14264919941775836,111
vasc,0.6363636363636364,1.0,0.7777777777777778,14
