metric,value
accuracy,0.35528942115768464
macro_f1,0.6257991986167755
macro_precision,0.6534753952676604
macro_recall,0.6723668510488414
weighted_f1,0.3966690821216154
micro_f1,0.35528942115768464
avg_ce_loss,1.2196986367126663
