metric,value
accuracy,0.36163836163836166
macro_f1,0.6154979460513784
macro_precision,0.6390302198777025
macro_recall,0.6841482406890661
weighted_f1,0.3909520242163772
micro_f1,0.36163836163836166
avg_ce_loss,1.2250951772684102
