class,precision,recall,f1,support
CNV,0.9839717468079326,0.9690969899665551,0.9764777246074005,7475
DME,0.9551979121357111,0.9473684210526315,0.9512670565302144,2318
DRUSEN,0.894855850763143,0.8999431495167709,0.8973922902494331,1759
NORMAL,0.9686404722375945,0.9909416871107756,0.9796641791044776,5299
