class,precision,recall,f1,support
CNV,0.9844580777096115,0.9716092572658773,0.9779914674612312,7432
DME,0.9603174603174603,0.9498473615351068,0.9550537162902872,2293
DRUSEN,0.8988959907030796,0.9025670945157527,0.9007278020378456,1714
NORMAL,0.9691162790697675,0.9903041825095057,0.9795956746591444,5260
