metric,value
accuracy,0.9674231989939517
macro_f1,0.9533421651121271
macro_precision,0.9531969519499797
macro_recall,0.9535819739565606
weighted_f1,0.9674166991451865
micro_f1,0.9674231989939517
avg_ce_loss,0.11294354781525401
