metric,value
accuracy,0.9657587086819773
macro_f1,0.9512003126228814
macro_precision,0.9506664954860953
macro_recall,0.9518375619116833
weighted_f1,0.9657564270429492
micro_f1,0.9657587086819773
avg_ce_loss,0.11439333517511381
