{
  "temperature": 1.0,
  "val": {},
  "test": {
    "ece_raw": 0.3678491897881031,
    "nll_raw": 1.0305652618408203,
    "brier_raw": 0.5353970527648926,
    "ece_cal": 0.3678491897881031,
    "nll_cal": 1.0305652618408203,
    "brier_cal": 0.5353970527648926
  }
}