,precision,recall,f1-score,support
akiec,0.0,0.0,0.0,66.0
bcc,0.0,0.0,0.0,103.0
bkl,0.0,0.0,0.0,220.0
df,0.0,0.0,0.0,23.0
mel,0.0,0.0,0.0,223.0
nv,0.6688279301745635,1.0,0.8015540944411237,1341.0
vasc,0.0,0.0,0.0,29.0
accuracy,0.6688279301745635,0.6688279301745635,0.6688279301745635,0.6688279301745635
macro avg,0.0955468471677948,0.14285714285714285,0.11450772777730338,2005.0
weighted avg,0.4473308001815909,0.6688279301745635,0.5361017659080035,2005.0
