,precision,recall,f1-score,support
akiec,0.03291770573566085,1.0,0.0637373249637856,66.0
bcc,0.0,0.0,0.0,103.0
bkl,0.0,0.0,0.0,220.0
df,0.0,0.0,0.0,23.0
mel,0.0,0.0,0.0,223.0
nv,0.0,0.0,0.0,1341.0
vasc,0.0,0.0,0.0,29.0
accuracy,0.03291770573566085,0.03291770573566085,0.03291770573566085,0.03291770573566085
macro avg,0.004702529390808693,0.14285714285714285,0.009105332137683659,2005.0
weighted avg,0.0010835753508995592,0.03291770573566085,0.002098086507536085,2005.0
