class,precision,recall,f1,support
CNV,0.9850034083162917,0.9721474703982778,0.9785332159544932,7432
DME,0.9676848162903939,0.9533362407326647,0.960456942003515,2293
DRUSEN,0.8912300683371298,0.9130688448074679,0.9020172910662824,1714
NORMAL,0.9730790802019069,0.9895437262357415,0.9812423414082384,5260
