metric,value
accuracy,0.9653433030680671
macro_f1,0.9513468055021466
macro_precision,0.9492688356727959
macro_recall,0.9536203861388943
weighted_f1,0.965425359311436
