metric,value
accuracy,0.962257432793306
macro_f1,0.9473433776962032
macro_precision,0.9419259828830402
macro_recall,0.9533789256492478
weighted_f1,0.9625374671255319
