metric,value
accuracy,0.9585187822681146
macro_f1,0.9413864504931242
macro_precision,0.9428038315455931
macro_recall,0.9401674469119263
weighted_f1,0.9584320387543013
