metric,value
accuracy,0.9655213340454573
macro_f1,0.9515298232589173
macro_precision,0.9471503472928862
macro_recall,0.9565065740337877
weighted_f1,0.9657961836093328
