metric,value
accuracy,0.9689801784537996
macro_f1,0.9555624476081322
macro_precision,0.9542493432864305
macro_recall,0.957024070543538
weighted_f1,0.9690507803870169
