metric,value
accuracy,0.9328823215239451
macro_f1,0.9051759812915006
macro_precision,0.9054271619153074
macro_recall,0.9054473059255392
weighted_f1,0.9328706378617105
