metric,value
accuracy,0.9561450359029138
macro_f1,0.9391102514144547
macro_precision,0.9343368412489771
macro_recall,0.9445004793122593
weighted_f1,0.9564021493847389
