metric,value
accuracy,0.9617826835202659
macro_f1,0.9463014487007833
macro_precision,0.9445659570445505
macro_recall,0.9484709612051102
weighted_f1,0.9619115299013892
