metric,value
accuracy,0.9652839594089372
macro_f1,0.9507183769481207
macro_precision,0.9503414117226118
macro_recall,0.9511644453364195
weighted_f1,0.9652594103552455
