metric,value
accuracy,0.967657705774138
macro_f1,0.9535850764423828
macro_precision,0.9564088652667617
macro_recall,0.9509183258796325
weighted_f1,0.9675286923798421
