metric,value
accuracy,0.9681917987063082
macro_f1,0.9548189223313129
macro_precision,0.9529335827370284
macro_recall,0.9568768885880405
weighted_f1,0.96830235799414
