metric,value
accuracy,0.9684291733428283
macro_f1,0.9552444090619325
macro_precision,0.9555189532256911
macro_recall,0.95504411798799
weighted_f1,0.9684090154263268
