metric,value
accuracy,0.9544834134472732
macro_f1,0.9361903961676268
macro_precision,0.934971544293665
macro_recall,0.937752141939669
weighted_f1,0.9545650348773108
