metric,value
accuracy,0.9643938045219869
macro_f1,0.9500327836501743
macro_precision,0.9476778664952776
macro_recall,0.9527275575573806
weighted_f1,0.9645386987909157
