metric,value
accuracy,0.9682511423654383
macro_f1,0.9543118597526044
macro_precision,0.9589502606601473
macro_recall,0.9500385580012347
weighted_f1,0.968021863319197
