metric,value
accuracy,0.9589935315411549
macro_f1,0.9424899731903223
macro_precision,0.9398730650208423
macro_recall,0.9453715792708807
weighted_f1,0.959087296359588
