metric,value
accuracy,0.9499732953533915
macro_f1,0.929721022319169
macro_precision,0.9305938159354364
macro_recall,0.9291516040345615
weighted_f1,0.9499019618659383
