{
  "temperature": 1.0,
  "val": {},
  "test": {
    "ece_raw": 0.36383412033319473,
    "nll_raw": 1.4158656597137451,
    "brier_raw": 0.7938321232795715,
    "ece_cal": 0.36383412033319473,
    "nll_cal": 1.4158656597137451,
    "brier_cal": 0.7938321232795715
  }
}