true_class,pred_class,count,frac_row,rank
akiec,bkl,7,0.107692,1
akiec,mel,4,0.061538,2
akiec,bcc,3,0.046154,3
bcc,df,5,0.048544,1
bcc,nv,4,0.038835,2
bcc,akiec,3,0.029126,3
bkl,mel,24,0.109091,1
bkl,nv,20,0.090909,2
bkl,akiec,10,0.045455,3
df,nv,3,0.130435,1
df,bcc,2,0.086957,2
df,mel,1,0.043478,3
nv,mel,64,0.047726,1
nv,bkl,21,0.01566,2
nv,bcc,5,0.003729,3
mel,nv,58,0.26009,1
mel,bkl,17,0.076233,2
mel,akiec,7,0.03139,3
vasc,bcc,1,0.034483,1
vasc,mel,1,0.034483,2
vasc,akiec,0,0.0,3
