class,precision,recall,f1,support
akiec,0.6805555555555556,0.7538461538461538,0.7153284671532847,65
bcc,0.8207547169811321,0.8446601941747572,0.8325358851674641,103
bkl,0.7703349282296651,0.7318181818181818,0.7505827505827506,220
df,0.7391304347826086,0.7391304347826086,0.7391304347826086,23
nv,0.9347826086956522,0.9299030574198359,0.9323364485981308,1341
mel,0.5869565217391305,0.6053811659192825,0.5960264900662252,223
vasc,0.9,0.9310344827586207,0.9152542372881356,29
