class,precision,recall,f1,support
akiec,0.7272727272727273,0.7272727272727273,0.7272727272727273,33
bcc,0.7592592592592593,0.803921568627451,0.780952380952381,51
bkl,0.8130841121495327,0.7909090909090909,0.8018433179723502,110
df,0.75,0.75,0.75,12
nv,0.9352409638554217,0.926865671641791,0.9310344827586207,670
mel,0.6608695652173913,0.6846846846846847,0.672566371681416,111
vasc,0.8125,0.9285714285714286,0.8666666666666667,14
