metric,value
accuracy,0.8597804391217565
macro_f1,0.7830278162340857
macro_precision,0.7760735379976779
macro_recall,0.7908248101027774
weighted_f1,0.8603269507992191
micro_f1,0.8597804391217565
avg_ce_loss,0.5401566423579842
