metric,value
accuracy,0.8701298701298701
macro_f1,0.7900479924720231
macro_precision,0.7797466611077617
macro_recall,0.8017464531010248
weighted_f1,0.8707418985452311
micro_f1,0.8701298701298701
avg_ce_loss,0.5305592463566706
