class,precision,recall,f1,support
akiec,0.7719298245614035,0.676923076923077,0.7213114754098361,65
bcc,0.7153846153846154,0.9029126213592233,0.7982832618025751,103
bkl,0.7178423236514523,0.7863636363636364,0.7505422993492408,220
df,0.59375,0.8260869565217391,0.6909090909090909,23
nv,0.6680161943319838,0.24608501118568232,0.35967302452316074,1341
mel,0.04411764705882353,0.20179372197309417,0.07240547063555913,223
vasc,0.8333333333333334,0.8620689655172413,0.847457627118644,29
