class,precision,recall,f1,support
akiec,0.8,0.7272727272727273,0.7619047619047619,33
bcc,0.6956521739130435,0.9411764705882353,0.8,51
bkl,0.7540983606557377,0.8363636363636363,0.7931034482758621,110
df,0.6666666666666666,0.6666666666666666,0.6666666666666666,12
nv,0.6666666666666666,0.2417910447761194,0.3548740416210296,670
mel,0.0533596837944664,0.24324324324324326,0.08752025931928688,111
vasc,0.6842105263157895,0.9285714285714286,0.7878787878787878,14
