metric,value
accuracy,0.37362637362637363
macro_f1,0.6074211379523421
macro_precision,0.61723629685891
macro_recall,0.6550121739260081
weighted_f1,0.41927562053350215
micro_f1,0.37362637362637363
avg_ce_loss,1.288953813520464
