metric,value
accuracy,0.36377245508982037
macro_f1,0.6057974642497295
macro_precision,0.6206248483316588
macro_recall,0.6431762842633848
weighted_f1,0.4157499270652573
micro_f1,0.36377245508982037
avg_ce_loss,1.3016214085196307
