class,precision,recall,f1,support
akiec,0.12337662337662338,0.5757575757575758,0.20320855614973266,33
bcc,0.5740740740740741,0.6078431372549019,0.5904761904761905,51
bkl,0.5844155844155844,0.4090909090909091,0.4812834224598931,110
df,0.3333333333333333,0.08333333333333333,0.13333333333333333,12
mel,0.5384615384615384,0.44144144144144143,0.4851485148514851,111
nv,0.9181669394435352,0.8360655737704918,0.8751950078003121,671
vasc,0.9166666666666666,0.7857142857142857,0.8461538461538461,14
