class,precision,recall,f1,support
akiec,0.06796116504854369,0.42424242424242425,0.11715481171548117,33
bcc,0.0,0.0,0.0,51
bkl,0.0,0.0,0.0,110
df,0.0,0.0,0.0,12
mel,0.0,0.0,0.0,111
nv,0.7399497487437185,0.8777943368107303,0.8029993183367415,671
vasc,0.0,0.0,0.0,14
