metric,value
accuracy,0.7405189620758483
macro_f1,0.4738308003653681
macro_precision,0.48468982685978684
macro_recall,0.5081821732600077
weighted_f1,0.7443419609323093
