metric,value
accuracy,0.7105788423153693
macro_f1,0.44443481964216774
macro_precision,0.4961995270033882
macro_recall,0.48588402372670175
weighted_f1,0.7134325353426869
