metric,value
accuracy,0.7455089820359282
macro_f1,0.49342746363178797
macro_precision,0.5244954830405215
macro_recall,0.5129686046892273
weighted_f1,0.7367882107107464
