metric,value
accuracy,0.6017964071856288
macro_f1,0.13145059000746037
macro_precision,0.11541584482746603
macro_recall,0.18600525157902206
weighted_f1,0.5415954604696253
