metric,value
accuracy,0.7125748502994012
macro_f1,0.4727999063730102
macro_precision,0.5103910643871089
macro_recall,0.502221780483249
weighted_f1,0.7171480150995971
