metric,value
accuracy,0.6666666666666666
macro_f1,0.3064916501146135
macro_precision,0.3889254948645447
macro_recall,0.3469638356812899
weighted_f1,0.6782711477313914
