metric,value
accuracy,0.7215568862275449
macro_f1,0.48738683051165727
macro_precision,0.6622383009710416
macro_recall,0.49913712051058795
weighted_f1,0.7360671254687554
