metric,value
accuracy,0.7155688622754491
macro_f1,0.516399838746399
macro_precision,0.5697849656816222
macro_recall,0.534178036623277
weighted_f1,0.742829175415662
