metric,value
accuracy,0.6936127744510978
macro_f1,0.4425944508423766
macro_precision,0.5332709999513996
macro_recall,0.47212060318548815
weighted_f1,0.7199102410347288
