metric,value
accuracy,0.6586826347305389
macro_f1,0.26700189784495176
macro_precision,0.34950635252681644
macro_recall,0.3029934541988544
weighted_f1,0.6500408343691317
