metric,value
accuracy,0.6676646706586826
macro_f1,0.30808591833854226
macro_precision,0.36102332376568586
macro_recall,0.3449979742168749
weighted_f1,0.6752895888154202
