metric,value
accuracy,0.7115768463073853
macro_f1,0.4281028935024542
macro_precision,0.5063589394580814
macro_recall,0.45022245576040865
weighted_f1,0.716788147592173
