metric,value
accuracy,0.6846307385229541
macro_f1,0.4468189559766317
macro_precision,0.482441070627463
macro_recall,0.470691417502273
weighted_f1,0.7096370337659555
