metric,value
accuracy,0.6776447105788423
macro_f1,0.40532501049369685
macro_precision,0.4593465505863736
macro_recall,0.4575224297637853
weighted_f1,0.6950101097444988
