metric,value
accuracy,0.6237524950099801
macro_f1,0.23415924761887055
macro_precision,0.27199810444064937
macro_recall,0.2920884904491462
weighted_f1,0.6372970471062336
