metric,value
accuracy,0.6906187624750499
macro_f1,0.3100318129796501
macro_precision,0.5352496076096783
macro_recall,0.34608956322691
weighted_f1,0.675318991167343
