class,precision,recall,f1,support
actinic keratosis,0.6666666666666666,0.125,0.21052631578947367,16
basal cell carcinoma,0.6842105263157895,0.8125,0.742857142857143,16
dermatofibroma,1.0,0.5,0.6666666666666666,16
melanoma,0.23076923076923078,0.1875,0.20689655172413793,16
nevus,0.35555555555555557,1.0,0.5245901639344263,16
pigmented benign keratosis,0.5714285714285714,0.75,0.6486486486486486,16
seborrheic keratosis,0.0,0.0,0.0,3
squamous cell carcinoma,0.8333333333333334,0.3125,0.45454545454545453,16
vascular lesion,1.0,1.0,1.0,3
