class,precision,recall,f1,support
actinic keratosis,0.3333333333333333,0.2727272727272727,0.3,11
basal cell carcinoma,0.8536585365853658,0.9210526315789473,0.8860759493670887,38
dermatofibroma,0.8888888888888888,0.8888888888888888,0.8888888888888888,9
melanoma,0.6486486486486487,0.5454545454545454,0.5925925925925926,44
nevus,0.6590909090909091,0.8055555555555556,0.7250000000000001,36
pigmented benign keratosis,0.8695652173913043,0.8695652173913043,0.8695652173913043,46
seborrheic keratosis,0.0,0.0,0.0,8
squamous cell carcinoma,0.8666666666666667,0.7222222222222222,0.7878787878787877,18
vascular lesion,1.0,0.8571428571428571,0.923076923076923,14
