metric,value
accuracy,0.5254237288135594
macro_f1,0.49497010490732785
macro_precision,0.5935515426743497
macro_recall,0.5208333333333334
weighted_f1,0.493861822937756
micro_f1,0.5254237288135594
avg_ce_loss,1.4466718253442796
