metric,value
accuracy,0.7321428571428571
macro_f1,0.663675373243954
macro_precision,0.679983577845013
macro_recall,0.6536232434401771
weighted_f1,0.7332582823880294
micro_f1,0.7321428571428571
avg_ce_loss,0.7125424998147147
