class,precision,recall,f1,support
CNV,0.9689641273679968,0.9703982777179763,0.9696806722689075,7432
DME,0.967622571692877,0.9123419101613607,0.9391694725028059,2293
DRUSEN,0.8777844671884407,0.8506417736289381,0.8640000000000001,1714
NORMAL,0.9558255107675317,0.9872623574144487,0.9712896287290751,5260
