metric,value
accuracy,0.9284302095689996
macro_f1,0.8947690675168857
macro_precision,0.9089477648419921
macro_recall,0.8833353667313787
weighted_f1,0.9272006577810653
