metric,value
accuracy,0.9011466982997232
macro_f1,0.8407524634485419
macro_precision,0.8930101035015535
macro_recall,0.8137156889612442
weighted_f1,0.8939701128720514
