metric,value
accuracy,0.8412415974693555
macro_f1,0.697418872362086
macro_precision,0.8398400555111004
macro_recall,0.6827549424417853
weighted_f1,0.8101960681197015
