metric,value
accuracy,0.9527481217872676
macro_f1,0.9314675090094025
macro_precision,0.9408503753857032
macro_recall,0.9232280022602855
weighted_f1,0.9522596584682035
