metric,value
accuracy,0.9493871095294583
macro_f1,0.9254308419165121
macro_precision,0.9392787181151556
macro_recall,0.9136829230594966
weighted_f1,0.9485287626101708
