metric,value
accuracy,0.9414788453934362
macro_f1,0.91292359713223
macro_precision,0.9296736395339605
macro_recall,0.8993817227144234
weighted_f1,0.9401415051359471
