metric,value
accuracy,0.9485962831158561
macro_f1,0.924638682593931
macro_precision,0.9358895418855191
macro_recall,0.9149029509721881
weighted_f1,0.9478238023579044
