metric,value
accuracy,0.9418742586002372
macro_f1,0.9140494987732302
macro_precision,0.9292961106707097
macro_recall,0.9015028227763064
weighted_f1,0.9407791151493089
