metric,value
accuracy,0.9474100434954528
macro_f1,0.9225869708005767
macro_precision,0.935126728311608
macro_recall,0.9119593554400723
weighted_f1,0.9466024405236579
