metric,value
accuracy,0.9365361803084223
macro_f1,0.9066396881883708
macro_precision,0.9210368812484184
macro_recall,0.8949500385188478
weighted_f1,0.9353308065414119
