metric,value
accuracy,0.9333728746540134
macro_f1,0.9015966551595311
macro_precision,0.9174095995596943
macro_recall,0.8888539631043112
weighted_f1,0.9320683361893523
