metric,value
accuracy,0.9438513246342428
macro_f1,0.9160676044287246
macro_precision,0.9342118810880604
macro_recall,0.9016447841753491
weighted_f1,0.9424649022306469
