metric,value
accuracy,0.9511664689600633
macro_f1,0.9287891198841676
macro_precision,0.9387455825185644
macro_recall,0.920080045144667
weighted_f1,0.950597895718848
