metric,value
accuracy,0.9215104784499802
macro_f1,0.8836014076098188
macro_precision,0.9018502453911048
macro_recall,0.8695262013729869
weighted_f1,0.9196085499763869
