metric,value
accuracy,0.9474100434954528
macro_f1,0.9226151782191017
macro_precision,0.9357117509995356
macro_recall,0.9114607003333782
weighted_f1,0.9465584236264861
