metric,value
accuracy,0.9452352708580467
macro_f1,0.9200786722122201
macro_precision,0.930028581180918
macro_recall,0.9114295854308461
weighted_f1,0.9445517593062934
