metric,value
accuracy,0.9554464339181987
macro_f1,0.9360349433751972
macro_precision,0.9425491692542115
macro_recall,0.930161079730681
weighted_f1,0.9551507158432475
