{
  "temperature": 1.5151417255401611,
  "val": {
    "ece_raw": 0.014341477606649278,
    "nll_raw": 0.09638065844774246,
    "brier_raw": 0.042775314301252365,
    "ece_cal": 0.003963435668993043,
    "nll_cal": 0.08285408467054367,
    "brier_cal": 0.04117299243807793
  },
  "test": {
    "ece_raw": 0.004938453494105488,
    "nll_raw": 0.0071549485437572,
    "brier_raw": 0.0029449984431266785,
    "ece_cal": 0.013810138058033772,
    "nll_cal": 0.016881834715604782,
    "brier_cal": 0.004611343611031771
  }
}