{
  "val": {
    "loss": 0.09638065545941443,
    "acc": 0.9747184279894561
  },
  "test": {
    "loss": 0.007154945575888076,
    "acc": 0.9979338842975206
  }
}