class,precision,recall,f1,support
CNV,0.9701973419250907,0.9668227424749164,0.9685071026534442,7475
DME,0.9583333333333334,0.9327006039689387,0.945343244425011,2318
DRUSEN,0.882798833819242,0.8607163160886867,0.8716177317213587,1759
NORMAL,0.964831522739827,0.9888658237403284,0.9767008387698044,5299
