class,precision,recall,f1,support
CNV,0.9736593272997434,0.9698600645855759,0.9717559824738794,7432
DME,0.9671682626538988,0.9249890972525077,0.9456085599643335,2293
DRUSEN,0.8833528722157092,0.8792298716452742,0.8812865497076022,1714
NORMAL,0.9636835278858625,0.9887832699619772,0.9760720653091864,5260
