metric,value
accuracy,0.9579846893359445
macro_f1,0.9405422293924046
macro_precision,0.9440402579543732
macro_recall,0.9372763715682176
weighted_f1,0.9577834886743063
micro_f1,0.9579846893359445
avg_ce_loss,0.40555310488440477
