metric,value
accuracy,0.9603569075992574
macro_f1,0.9436807893637503
macro_precision,0.9469659975138035
macro_recall,0.9407155758613337
weighted_f1,0.9602392418389867
micro_f1,0.9603569075992574
avg_ce_loss,0.40271119016595597
