class,precision,recall,f1,support
actinic keratosis,0.4,0.36363636363636365,0.38095238095238093,11
basal cell carcinoma,0.8409090909090909,0.9736842105263158,0.9024390243902439,38
dermatofibroma,0.8888888888888888,0.8888888888888888,0.8888888888888888,9
melanoma,0.6666666666666666,0.5909090909090909,0.6265060240963856,44
nevus,0.7222222222222222,0.7222222222222222,0.7222222222222222,36
pigmented benign keratosis,0.8936170212765957,0.9130434782608695,0.9032258064516129,46
seborrheic keratosis,0.07692307692307693,0.125,0.09523809523809523,8
squamous cell carcinoma,0.9166666666666666,0.6111111111111112,0.7333333333333333,18
vascular lesion,1.0,1.0,1.0,14
