class,precision,recall,f1,support
actinic keratosis,0.6666666666666666,0.125,0.21052631578947367,16
basal cell carcinoma,0.7777777777777778,0.875,0.8235294117647058,16
dermatofibroma,1.0,0.4375,0.6086956521739131,16
melanoma,0.1111111111111111,0.0625,0.08,16
nevus,0.37209302325581395,1.0,0.5423728813559322,16
pigmented benign keratosis,0.6,0.75,0.6666666666666666,16
seborrheic keratosis,0.3333333333333333,0.3333333333333333,0.3333333333333333,3
squamous cell carcinoma,0.7272727272727273,0.5,0.5925925925925926,16
vascular lesion,0.75,1.0,0.8571428571428571,3
