metric,value
accuracy,0.5423728813559322
macro_f1,0.5238733012021638
macro_precision,0.5931394043797145
macro_recall,0.5648148148148148
weighted_f1,0.5081488550586536
micro_f1,0.5423728813559322
avg_ce_loss,1.4366952928446106
