metric,value
accuracy,0.7544642857142857
macro_f1,0.694756197285907
macro_precision,0.7117659592836898
macro_recall,0.6876105961727625
weighted_f1,0.7569630180188633
micro_f1,0.7544642857142857
avg_ce_loss,0.7296194178717477
