class,precision,recall,f1,support
actinic keratosis,1.0,0.5,0.6666666666666666,16
basal cell carcinoma,0.7857142857142857,0.6875,0.7333333333333334,16
dermatofibroma,1.0,0.5,0.6666666666666666,16
melanoma,0.1,0.0625,0.07692307692307693,16
nevus,0.41025641025641024,1.0,0.5818181818181819,16
pigmented benign keratosis,0.5,0.6875,0.5789473684210527,16
seborrheic keratosis,0.0,0.0,0.0,3
squamous cell carcinoma,0.5384615384615384,0.4375,0.4827586206896552,16
vascular lesion,1.0,1.0,1.0,3
