class,precision,recall,f1,support
actinic keratosis,0.4166666666666667,0.45454545454545453,0.43478260869565216,11
basal cell carcinoma,0.8918918918918919,0.868421052631579,0.88,38
dermatofibroma,1.0,0.7777777777777778,0.8750000000000001,9
melanoma,0.6829268292682927,0.6363636363636364,0.6588235294117647,44
nevus,0.717948717948718,0.7777777777777778,0.7466666666666666,36
pigmented benign keratosis,0.8367346938775511,0.8913043478260869,0.8631578947368421,46
seborrheic keratosis,0.0,0.0,0.0,8
squamous cell carcinoma,0.7333333333333333,0.6111111111111112,0.6666666666666666,18
vascular lesion,1.0,1.0,1.0,14
