metric,value
accuracy,0.5508474576271186
macro_f1,0.5319015460576259
macro_precision,0.5927146927146927
macro_recall,0.5416666666666666
weighted_f1,0.538930700273713
micro_f1,0.5508474576271186
avg_ce_loss,1.3628108137744968
