metric,value
accuracy,0.7455357142857143
macro_f1,0.6805663740197325
macro_precision,0.6977224592207171
macro_recall,0.6685890175592692
weighted_f1,0.7485317283377881
micro_f1,0.7455357142857143
avg_ce_loss,0.7011800152914864
