class,precision,recall,f1,support
CNV,0.982948294829483,0.960752688172043,0.9717237629146275,3720
DME,0.9416376306620209,0.95326278659612,0.9474145486415425,1134
DRUSEN,0.8665207877461707,0.9198606271777003,0.8923943661971832,861
NORMAL,0.9777190332326284,0.984036488027366,0.9808675885584391,2631
