class,precision,recall,f1,support
CNV,0.9958847736625515,1.0,0.9979381443298969,242
DME,1.0,1.0,1.0,242
DRUSEN,1.0,0.9958677685950413,0.9979296066252588,242
NORMAL,1.0,1.0,1.0,242
