metric,value
accuracy,0.962856458183561
macro_f1,0.9481000665779481
macro_precision,0.9422064366175757
macro_recall,0.9544781474933073
weighted_f1,0.9631194190025104
micro_f1,0.962856458183561
avg_ce_loss,0.126990289417297
