metric,value
accuracy,0.9989669421487604
macro_f1,0.9989669377387889
macro_precision,0.9989711934156379
macro_recall,0.9989669421487604
weighted_f1,0.998966937738789
micro_f1,0.9989669421487604
avg_ce_loss,0.01979093202813105
