{
  "temperature": 1.4478020668029785,
  "val": {
    "ece_raw": 0.01245140642276965,
    "nll_raw": 0.08463671058416367,
    "brier_raw": 0.038862280547618866,
    "ece_cal": 0.002756446025614423,
    "nll_cal": 0.07490140199661255,
    "brier_cal": 0.03756747394800186
  },
  "test": {
    "ece_raw": 0.004963397757819621,
    "nll_raw": 0.008170475251972675,
    "brier_raw": 0.003505248110741377,
    "ece_cal": 0.013006049615796655,
    "nll_cal": 0.01637381874024868,
    "brier_cal": 0.004962319042533636
  }
}