{
  "val": {
    "loss": 0.08463670759193351,
    "acc": 0.9760364246345554
  },
  "test": {
    "loss": 0.00817047734143528,
    "acc": 0.9989669421487604
  }
}