class,precision,recall,f1,support
akiec,0.810126582278481,0.9846153846153847,0.8888888888888888,65
bcc,0.9017857142857143,0.9805825242718447,0.9395348837209302,103
bkl,0.8954545454545455,0.8954545454545455,0.8954545454545455,220
df,0.7586206896551724,0.9565217391304348,0.8461538461538461,23
nv,0.15584415584415584,0.026845637583892617,0.04580152671755725,1341
mel,0.017678708685626442,0.1031390134529148,0.030183727034120734,223
vasc,0.875,0.9655172413793104,0.9180327868852459,29
