metric,value
accuracy,0.23502994011976047
macro_f1,0.6520071721221621
macro_precision,0.6306443423148137
macro_recall,0.7018108694126182
weighted_f1,0.2324277338019448
micro_f1,0.23502994011976047
avg_ce_loss,6.380440443337797
