class,precision,recall,f1,support
CNV,0.9809812568908489,0.9567204301075268,0.9686989657049537,3720
DME,0.9197952218430034,0.9506172839506173,0.9349522983521249,1134
DRUSEN,0.8745724059293044,0.8908246225319396,0.8826237054085155,861
NORMAL,0.9707755713750469,0.9847966552641582,0.9777358490566038,2631
