class,precision,recall,f1,support
CNV,0.9917695473251029,0.9958677685950413,0.9938144329896907,242
DME,0.9958847736625515,1.0,0.9979381443298969,242
DRUSEN,1.0,0.9917355371900827,0.995850622406639,242
NORMAL,1.0,1.0,1.0,242
