metric,value
accuracy,0.996900826446281
macro_f1,0.9969007999315567
macro_precision,0.9969135802469136
macro_recall,0.9969008264462811
weighted_f1,0.9969007999315567
micro_f1,0.996900826446281
avg_ce_loss,0.024033098273779734
