metric,value
accuracy,0.9579439252336449
macro_f1,0.9410027046305495
macro_precision,0.9365311140095509
macro_recall,0.9457397479635605
weighted_f1,0.9580826848763953
micro_f1,0.9579439252336449
avg_ce_loss,0.13967497554323582
