class,precision,recall,f1,support
actinic keratosis,0.5555555555555556,0.45454545454545453,0.5,11
basal cell carcinoma,0.868421052631579,0.868421052631579,0.868421052631579,38
dermatofibroma,0.875,0.7777777777777778,0.823529411764706,9
melanoma,0.7142857142857143,0.6818181818181818,0.6976744186046512,44
nevus,0.6976744186046512,0.8333333333333334,0.759493670886076,36
pigmented benign keratosis,0.8636363636363636,0.8260869565217391,0.8444444444444444,46
seborrheic keratosis,0.0,0.0,0.0,8
squamous cell carcinoma,0.5,0.5555555555555556,0.5263157894736842,18
vascular lesion,1.0,1.0,1.0,14
