class,precision,recall,f1,support
actinic keratosis,0.8,0.5,0.6153846153846154,16
basal cell carcinoma,0.5909090909090909,0.8125,0.6842105263157896,16
dermatofibroma,0.9090909090909091,0.625,0.7407407407407406,16
melanoma,0.125,0.0625,0.08333333333333333,16
nevus,0.45714285714285713,1.0,0.6274509803921569,16
pigmented benign keratosis,0.5454545454545454,0.75,0.631578947368421,16
seborrheic keratosis,0.0,0.0,0.0,3
squamous cell carcinoma,0.5714285714285714,0.25,0.34782608695652173,16
vascular lesion,1.0,1.0,1.0,3
