metric,value
accuracy,0.5677966101694916
macro_f1,0.5256139144990642
macro_precision,0.5554473304473304
macro_recall,0.5555555555555556
weighted_f1,0.5312576583717394
micro_f1,0.5677966101694916
avg_ce_loss,1.386466850668697
