metric,value
accuracy,0.7455357142857143
macro_f1,0.6688754208672378
macro_precision,0.6749525671904293
macro_recall,0.6663931457981802
weighted_f1,0.7422738389792701
micro_f1,0.7455357142857143
avg_ce_loss,0.7457921504974365
