class,precision,recall,f1,support
CNV,0.9849435382685069,0.9506189451022605,0.9674768914755221,7432
DME,0.9537444933920705,0.9441779328390755,0.9489371027832566,2293
DRUSEN,0.8236228813559322,0.9072345390898483,0.8634092171016101,1714
NORMAL,0.967026825633383,0.9868821292775666,0.9768535942792623,5260
