metric,value
accuracy,0.9493798587620913
macro_f1,0.9301284757623142
macro_precision,0.9235218965961896
macro_recall,0.9377037847222576
weighted_f1,0.9497186088015189
