metric,value
accuracy,0.9550768500385733
macro_f1,0.9374504129570497
macro_precision,0.9339209026943938
macro_recall,0.9412921379989216
weighted_f1,0.955178619004476
