metric,value
accuracy,0.9534745712420628
macro_f1,0.9353651328705903
macro_precision,0.9307860643208856
macro_recall,0.9407965845355822
weighted_f1,0.9537768600598203
