metric,value
accuracy,0.9558483176072636
macro_f1,0.9381248904371668
macro_precision,0.9358416113899534
macro_recall,0.9406686440036998
weighted_f1,0.9558868968056169
