metric,value
accuracy,0.9496172333986114
macro_f1,0.9311614677387641
macro_precision,0.9221156584784721
macro_recall,0.9421169791835031
weighted_f1,0.9502215228518113
