metric,value
accuracy,0.9476588926473206
macro_f1,0.9269748407047965
macro_precision,0.9258798148923484
macro_recall,0.9285134392399544
weighted_f1,0.9476708811393539
