metric,value
accuracy,0.9535932585603228
macro_f1,0.9358375441761853
macro_precision,0.9303464337480738
macro_recall,0.9420560014341786
weighted_f1,0.9538621227833517
