metric,value
accuracy,0.9500326390125216
macro_f1,0.9310596192732339
macro_precision,0.9251962060497767
macro_recall,0.9377740505782457
weighted_f1,0.9503297435993301
