metric,value
accuracy,0.9567039942511527
macro_f1,0.9391692014099129
macro_precision,0.9323344346624731
macro_recall,0.9472283865771877
weighted_f1,0.9572030863015252
