metric,value
accuracy,0.9497359207168714
macro_f1,0.9301506836030791
macro_precision,0.926277347221323
macro_recall,0.9346077969970774
weighted_f1,0.9499261519616804
