metric,value
accuracy,0.9532965402646727
macro_f1,0.9354552850658824
macro_precision,0.9278130239795466
macro_recall,0.9442449337881617
weighted_f1,0.9537572946912256
