metric,value
accuracy,0.9575099400629042
macro_f1,0.9402656669121138
macro_precision,0.9408323850847748
macro_recall,0.9399200209202976
weighted_f1,0.9574558303174822
