metric,value
accuracy,0.9415464957569284
macro_f1,0.9192656537290199
macro_precision,0.9146866054735759
macro_recall,0.9249139520697307
weighted_f1,0.9418762877359199
