metric,value
accuracy,0.9320515102961249
macro_f1,0.9063589607217409
macro_precision,0.8999953189366452
macro_recall,0.9139814360807225
weighted_f1,0.9325144700564465
