metric,value
accuracy,0.9527624473325025
macro_f1,0.9338818268095787
macro_precision,0.9325579942982533
macro_recall,0.9355842182336691
weighted_f1,0.9527830598023754
