metric,value
accuracy,0.9528811346507625
macro_f1,0.9345187869797195
macro_precision,0.9299896625851052
macro_recall,0.9396377257019509
weighted_f1,0.9530976804684368
