metric,value
accuracy,0.9547801317429233
macro_f1,0.9369019013943577
macro_precision,0.9335828915553523
macro_recall,0.9407989482776294
weighted_f1,0.9549858927240105
