class,precision,recall,f1,support
actinic keratosis,0.4,0.25,0.3076923076923077,16
basal cell carcinoma,0.7777777777777778,0.875,0.8235294117647058,16
dermatofibroma,0.8,0.5,0.6153846153846154,16
melanoma,0.0,0.0,0.0,16
nevus,0.36585365853658536,0.9375,0.5263157894736842,16
pigmented benign keratosis,0.5909090909090909,0.8125,0.6842105263157895,16
seborrheic keratosis,1.0,0.3333333333333333,0.5,3
squamous cell carcinoma,1.0,0.4375,0.6086956521739131,16
vascular lesion,1.0,1.0,1.0,3
