class,precision,recall,f1,support
actinic keratosis,0.2631578947368421,0.45454545454545453,0.3333333333333333,11
basal cell carcinoma,0.8292682926829268,0.8947368421052632,0.8607594936708861,38
dermatofibroma,1.0,0.7777777777777778,0.875,9
melanoma,0.6285714285714286,0.5,0.5569620253164557,44
nevus,0.6842105263157895,0.7222222222222222,0.7027027027027027,36
pigmented benign keratosis,0.78,0.8478260869565217,0.8125,46
seborrheic keratosis,0.0,0.0,0.0,8
squamous cell carcinoma,0.8,0.4444444444444444,0.5714285714285714,18
vascular lesion,1.0,0.8571428571428571,0.9230769230769231,14
