metric,value
accuracy,0.5508474576271186
macro_f1,0.5628698114227795
macro_precision,0.6593933919137172
macro_recall,0.5717592592592592
weighted_f1,0.5216377359735614
micro_f1,0.5508474576271186
avg_ce_loss,1.462082200131174
