metric,value
accuracy,0.6830357142857143
macro_f1,0.6261958943920969
macro_precision,0.6650231269229985
macro_recall,0.6109661872438379
weighted_f1,0.690347968956129
micro_f1,0.6830357142857143
avg_ce_loss,0.8233014174870082
