class,precision,recall,f1,support
akiec,0.7285714285714285,0.7846153846153846,0.7555555555555555,65
bcc,0.8411214953271028,0.8737864077669902,0.8571428571428571,103
bkl,0.7413793103448276,0.7818181818181819,0.7610619469026548,220
df,0.7407407407407407,0.8695652173913043,0.8,23
nv,0.5622641509433962,0.1111111111111111,0.1855541718555417,1341
mel,0.06866614048934491,0.3901345291479821,0.11677852348993288,223
vasc,0.75,0.9310344827586207,0.8307692307692308,29
