class,precision,recall,f1,support
akiec,0.8,0.7272727272727273,0.7619047619047619,33
bcc,0.8627450980392157,0.8627450980392157,0.8627450980392157,51
bkl,0.7520661157024794,0.8272727272727273,0.7878787878787878,110
df,0.8333333333333334,0.8333333333333334,0.8333333333333334,12
nv,0.5944055944055944,0.12686567164179105,0.2091020910209102,670
mel,0.0832,0.46846846846846846,0.14130434782608695,111
vasc,0.6842105263157895,0.9285714285714286,0.7878787878787878,14
