metric,value
accuracy,0.31868131868131866
macro_f1,0.6263067439831262
macro_precision,0.6585658096852018
macro_recall,0.6820756363713846
weighted_f1,0.3322907197128195
micro_f1,0.31868131868131866
avg_ce_loss,1.1983219569736905
