metric,value
accuracy,0.29740518962075846
macro_f1,0.6152660408165389
macro_precision,0.6332490380595487
macro_recall,0.6774379020870821
weighted_f1,0.3104753076867533
micro_f1,0.29740518962075846
avg_ce_loss,1.2133963464976785
