class,precision,recall,f1,support
CNV,0.9743863393810032,0.9817204301075269,0.9780396357793251,3720
DME,0.9632616487455197,0.9479717813051146,0.9555555555555556,1134
DRUSEN,0.8848758465011287,0.9105691056910569,0.8975386376645679,861
NORMAL,0.9861325115562404,0.9730140630938806,0.9795293667495696,2631
