class,precision,recall,f1,support
CNV,0.9918032786885246,1.0,0.9958847736625515,242
DME,1.0,1.0,1.0,242
DRUSEN,1.0,0.9917355371900827,0.995850622406639,242
NORMAL,1.0,1.0,1.0,242
