metric,value
accuracy,0.9979338842975206
macro_f1,0.9979338490172976
macro_precision,0.9979508196721312
macro_recall,0.9979338842975207
weighted_f1,0.9979338490172975
micro_f1,0.9979338842975206
avg_ce_loss,0.019733579583035028
