metric,value
accuracy,0.9670500838725138
macro_f1,0.9526657989372546
macro_precision,0.9521640865459731
macro_recall,0.9533188450493948
weighted_f1,0.9671495298402109
micro_f1,0.9670500838725138
avg_ce_loss,0.1042830490206118
