{
  "temperature": 1.0,
  "val": {},
  "test": {
    "ece_raw": 0.31186095625162125,
    "nll_raw": 0.9893416166305542,
    "brier_raw": 0.6299626231193542,
    "ece_cal": 0.31186095625162125,
    "nll_cal": 0.9893416166305542,
    "brier_cal": 0.6299626231193542
  }
}